{
  "0xb4ce1A933E85720aF0Df9A6889A63e1309E3984E": {
    "0x9562Ca0C2b05D089063F562fC3Ecc95e4424AD02": 53.21930024,
    "0x2170Ed0880ac9A755fd29B2688956BD959F933F8": 0.125465573044,
    "0xc91324601B20ea0e238B63c9fAfca18d32600722": 0.376396719129
  },
  "0x59b596e080295F83d67431746f3Eabd70D8A3236": {
    "0xeD236c32f695c83Efde232c288701d6f9C23E60E": 2293.998244013551,
    "0x12b70d84DAb272Dc5A24F49bDbF6A4C4605f15da": 14403.930640841598,
    "0xe9e7CEA3DedcA5984780Bafc599bD69ADd087D56": 105.72161850002,
    "0x90C97F71E18723b0Cf0dfa30ee176Ab653E89F40": 9.677493428100002
  },
  "0x227c79a7464f08ea8aa5D9f8B22AA63ADeC79a9b": {
    "0x2170Ed0880ac9A755fd29B2688956BD959F933F8": 0.029982577655000002,
    "0x1AF3F329e8BE154074D8769D1FFa4eE058B1DBc3": 19.354986856200004,
    "0x14016E85a25aeb13065688cAFB43044C2ef86784": 19.354986856200004
  },
  "0xaBcD018b36EA7A16fdB177F85988E156182046Ca": {
    "0x8AC76a51cc950d9822D68b83fE1Ad97B32Cd580d": 29.930743958,
    "0x7130d2A12B9BCbFAe4f2634d864A1Ee1Ce3Ead9c": 0.0021987223619999996,
    "0x55d398326f99059fF775485246999027B3197955": 9.93104067642
  }
}
