{
  "0x59b596e080295F83d67431746f3Eabd70D8A3236": {
    "0xeD236c32f695c83Efde232c288701d6f9C23E60E": 2888.4170674700003,
    "0x12b70d84DAb272Dc5A24F49bDbF6A4C4605f15da": 4798.56097127,
    "0xFa4b16b0f63F5A6D0651592620D585D308F749A4": 168.87768247000005,
    "0xb9E05B4C168B56F73940980aE6EF366354357009": 1537.3956077600003
  },
  "0x771D1A7D23D30F9030bC607a559Ce3e7496D8422": {
    "0x50d8D7F7CcEA28cc1C9dDb996689294dC62569cA": 620.6675319100001,
    "0xd50c729cEbb64604b99E1243a54e840527360581": 95.9712194
  },
  "0xb4ce1A933E85720aF0Df9A6889A63e1309E3984E": {
    "0x9562Ca0C2b05D089063F562fC3Ecc95e4424AD02": 46.69348401999999
  }
}
